name,description
6A=F,Australian Dollar
6B=F,British Pound
6C=F,Canadian Dollar
6E=F,Euro FX
6J=F,Japanese Yen
6N=F,New Zealand Dollar
6S=F,Swiss Franc
BZ=F,Brent Crude
CC=F,Cocoa
CL=F,WTI Crude
CT=F,Cotton
ES=F,S&P 500 E-mini
GC=F,Gold
GF=F,Feeder Cattle
HG=F,Copper
HO=F,Heating Oil
KC=F,Coffee
NG=F,Natural Gas
NQ=F,Nasdaq 100 E-mini
OJ=F,Orange Juice
PA=F,Palladium
PL=F,Platinum
RTY=F,Russell 2000 E-mini
SI=F,Silver
YM=F,Dow E-mini
ZB=F,US Treasury Bond 30Y
ZC=F,Corn
ZF=F,US Treasury Note 5Y
ZL=F,Soybean Oil
ZN=F,US Treasury Note 10Y
ZT=F,US Treasury Note 2Y
ZW=F,Wheat
